Tài khoản,Thích,Ko thích,Hiệu số,username,Note,Time
Nguyen Mai Anh,2.986,581,2.405,mai-anh.nguyen25, Điểm Yêu thích (Thích lời giải bài tập) ,07-2023
Vân Anh,2.003,516,1.487,tdung05, Điểm Yêu thích (Thích lời giải bài tập) ,07-2023
Bảo Anh,1.472,565,907,hue.kim29, Điểm Yêu thích (Thích lời giải bài tập) ,07-2023
Mai,1.637,765,872,mei_bbi_iu_anh, Điểm Yêu thích (Thích lời giải bài tập) ,07-2023
Nguyễn Ngọc linh,971,149,822,nguyen.linh1202, Điểm Yêu thích (Thích lời giải bài tập) ,07-2023
Tú Nguyễn,1.103,315,788,tu.nguyen916, Điểm Yêu thích (Thích lời giải bài tập) ,07-2023
Phương Mai,1.118,396,722,quanh.anh.534, Điểm Yêu thích (Thích lời giải bài tập) ,07-2023
PHƯƠNG,853,181,672,phuong.dinh22, Điểm Yêu thích (Thích lời giải bài tập) ,07-2023
Trúc Mai,766,222,544,cay.moi-mat-acc, Điểm Yêu thích (Thích lời giải bài tập) ,07-2023
Thu Huyen,786,248,538,huyen.thu91, Điểm Yêu thích (Thích lời giải bài tập) ,07-2023
Bailu,560,99,461,thanh-nhu.phan-vu, Điểm Yêu thích (Thích lời giải bài tập) ,07-2023
Phuong,486,34,452,bang, Điểm Yêu thích (Thích lời giải bài tập) ,07-2023
Thu Phương,481,73,408,phuong-bong.bong, Điểm Yêu thích (Thích lời giải bài tập) ,07-2023
Đặng Ngọc Diệp,419,95,324,ngoc-diep.dang15, Điểm Yêu thích (Thích lời giải bài tập) ,07-2023
Nguyễn Anh Minh,331,52,279,tuan-minh.nguyen13, Điểm Yêu thích (Thích lời giải bài tập) ,07-2023
Nguyễn Văn Minh,528,253,275,ng-t-quyen.a1k31, Điểm Yêu thích (Thích lời giải bài tập) ,07-2023
Hải,537,281,256,zeno.leo, Điểm Yêu thích (Thích lời giải bài tập) ,07-2023
Kiên,269,19,250,biet.khong41, Điểm Yêu thích (Thích lời giải bài tập) ,07-2023
Bắc,264,18,246,kien.dinh10, Điểm Yêu thích (Thích lời giải bài tập) ,07-2023
Phương,275,41,234,thu-phuong, Điểm Yêu thích (Thích lời giải bài tập) ,07-2023
PHƯƠNG,2.281,956,1.325,phuong.dinh22, Điểm Yêu thích (Thích lời giải bài tập) ,06-2023
Phuong,1.313,330,983,bang, Điểm Yêu thích (Thích lời giải bài tập) ,06-2023
Bắc,1.304,372,932,kien.dinh10, Điểm Yêu thích (Thích lời giải bài tập) ,06-2023
Kiên,1.130,210,920,biet.khong41, Điểm Yêu thích (Thích lời giải bài tập) ,06-2023
Phạm Tuyên,1.108,266,842,pham.arsenal, Điểm Yêu thích (Thích lời giải bài tập) ,06-2023
Thu Phương,920,235,685,phuong-bong.bong, Điểm Yêu thích (Thích lời giải bài tập) ,06-2023
Bảo Anh,1.301,667,634,hue.kim29, Điểm Yêu thích (Thích lời giải bài tập) ,06-2023
Trần Nguyễn,1.663,1.117,546,thao.thanh1624, Điểm Yêu thích (Thích lời giải bài tập) ,06-2023
Phương,673,184,489,thu-phuong, Điểm Yêu thích (Thích lời giải bài tập) ,06-2023
Tuấn Anh,457,22,435,anh.tuan717, Điểm Yêu thích (Thích lời giải bài tập) ,06-2023
Duy Thái,1.709,1.349,360,duy.thai21, Điểm Yêu thích (Thích lời giải bài tập) ,06-2023
Tâm Như,464,185,279,tam-nhu.nguyen7, Điểm Yêu thích (Thích lời giải bài tập) ,06-2023
Ngô Xen,271,19,252,ngo.xen, Điểm Yêu thích (Thích lời giải bài tập) ,06-2023
Nguyễn Thị Thương ...,250,1,249,nguyn_th_111, Điểm Yêu thích (Thích lời giải bài tập) ,06-2023
Thảo Nguyên,587,361,226,nguyen.thao1756, Điểm Yêu thích (Thích lời giải bài tập) ,06-2023
Minh Quân,206,23,183,quan.minh382, Điểm Yêu thích (Thích lời giải bài tập) ,06-2023
Tạ Hoa,177,2,175,ta.hoa3, Điểm Yêu thích (Thích lời giải bài tập) ,06-2023
nguyễn khang,173,1,172,nguyen.khang212, Điểm Yêu thích (Thích lời giải bài tập) ,06-2023
Hồng Đăng,188,23,165,dang.hong23, Điểm Yêu thích (Thích lời giải bài tập) ,06-2023
Ann,155,17,138,phuong.dinh17, Điểm Yêu thích (Thích lời giải bài tập) ,06-2023
