Tài khoản,Lượt đánh giá,Tổng sao,username,Loai_giai_thuong,Time,Note
Ju đâyyy,777,3.811,nguyen.do52, Thành viên được yêu thích nhất,06-2023,t5_t6
Quỳnh Vy,788,3.794,vy.quynh23, Thành viên được yêu thích nhất,06-2023,t5_t6
Quýt,523,2.578,ha.nguyen-thi25, Thành viên được yêu thích nhất,06-2023,t5_t6
_hoànghiệp_,433,2.133,hoang.hiep14, Thành viên được yêu thích nhất,06-2023,t5_t6
_ngphuongg_,364,1.789,toi-yew-em, Thành viên được yêu thích nhất,06-2023,t5_t6
Minh Anh Nguyen,322,1.598,linh.ng194, Thành viên được yêu thích nhất,06-2023,t5_t6
Xuna_,316,1.554,na.xu3, Thành viên được yêu thích nhất,06-2023,t5_t6
cút,302,1.451,tieuhuyxautrai, Thành viên được yêu thích nhất,06-2023,t5_t6
UwU Con zai pà bán ...,262,1.300,shimon.pe, Thành viên được yêu thích nhất,06-2023,t5_t6
_TTMP_,256,1.260,phuong.tran539, Thành viên được yêu thích nhất,06-2023,t5_t6
Quỳnh Vy,1.083,5.262,vy.quynh23, Thành viên được yêu thích nhất,05-2023,t5_t6
Ngọc Huệ,533,2.543,ha-linh.nguyen123, Thành viên được yêu thích nhất,05-2023,t5_t6
Nhamr,459,2.227,dep-zai.con-cak, Thành viên được yêu thích nhất,05-2023,t5_t6
Xuna_,382,1.878,na.xu3, Thành viên được yêu thích nhất,05-2023,t5_t6
Quýt,309,1.491,ha.nguyen-thi25, Thành viên được yêu thích nhất,05-2023,t5_t6
_Dieu Anhh,285,1.374,nguyn.vyy, Thành viên được yêu thích nhất,05-2023,t5_t6
cút,268,1.312,linhh.ngy, Thành viên được yêu thích nhất,05-2023,t5_t6
_ngphuongg_,266,1.308,toi-yew-em, Thành viên được yêu thích nhất,05-2023,t5_t6
yn,225,1.081,wonbii, Thành viên được yêu thích nhất,05-2023,t5_t6
_________,181,900,cutii.jia, Thành viên được yêu thích nhất,05-2023,t5_t6
